{
  "run": {
    "status": "completed",
    "captured_at_utc": "2026-07-16T08:57:41.196449+00:00",
    "mode": "task2",
    "backend": "vllm",
    "model": "/root/crag-task2-run/models/unsloth-Llama-3.2-11B-Vision-Instruct",
    "dataset_source": "/root/crag-task2-run/intelligent-training-crag-mm/local_data/crag-mm-single-turn-public/validation/validation-00004-of-00005.parquet",
    "dataset_revision": "local parquet shard from v0.1.2",
    "seed": 20260712,
    "sample_count": 30,
    "source_indices": [
      69,
      111,
      176,
      73,
      175,
      45,
      132,
      54,
      20,
      173,
      355,
      128,
      88,
      247,
      253,
      171,
      76,
      141,
      4,
      312,
      298,
      233,
      361,
      236,
      52,
      89,
      123,
      308,
      284,
      227
    ],
    "elapsed_seconds": 173.01046363000023,
    "metric_note": "Semantic judging disabled; exact-match metrics are not official leaderboard scores."
  },
  "counts": {
    "manifest": 30,
    "traces": 30,
    "evaluation_rows": 30,
    "status_ok": 30,
    "trace_errors": 0,
    "ego": 7,
    "external_cached": 23
  },
  "latency_ms": {
    "image_search_ms": {
      "min": 64.9815850010782,
      "median": 91.79896549903788,
      "p95": 185.8587320002698,
      "max": 858.0367359991214
    },
    "web_search_ms": {
      "min": 32.777509000879945,
      "median": 43.75239850105572,
      "p95": 63.51005799842824,
      "max": 175.15408799954457
    },
    "generation_ms": {
      "min": 896.8408602499949,
      "median": 1460.132246249941,
      "p95": 2757.3980442498396,
      "max": 2757.3980442498396
    },
    "total_ms": {
      "min": 1040.340005750295,
      "median": 1608.3249349999278,
      "p95": 3152.7923280000323,
      "max": 3152.7923280000323
    }
  },
  "answer_tokens": {
    "min": 12,
    "median": 30.0,
    "max": 76,
    "at_or_over_75": 6
  },
  "evidence": {
    "image_median": 10.0,
    "web_median": 3.0,
    "both_sources": 29
  },
  "manual_review_non_official": {
    "labels": {
      "incorrect": 17,
      "partial": 6,
      "correct": 7
    },
    "causes": {
      "inappropriate_refusal": 1,
      "partial_coverage": 6,
      "reasoning_or_fact": 4,
      "entity_error": 11,
      "correct": 7,
      "off_target_or_truncated": 1
    },
    "reviewer_count": 1
  },
  "gpu": {
    "0": {
      "samples": 37,
      "max_memory_mib": 38686,
      "max_utilization": 100,
      "mean_utilization": 10.91891891891892,
      "max_power_w": 347.57,
      "max_temperature_c": 53
    },
    "1": {
      "samples": 37,
      "max_memory_mib": 10,
      "max_utilization": 0,
      "mean_utilization": 0,
      "max_power_w": 44.01,
      "max_temperature_c": 30
    }
  }
}
